question,label
why is crop rotation important in farming?,Food_and_Drink
What farming practice helps prevent soil erosion?,Food_and_Drink
what is crop rotation,Food_and_Drink
what are the different methods of irrigation?,Business_and_Industrial
why is soil health vital?,Health
what are the causes of soil degradation?,Health
what is organic farming?,Food_and_Drink
what is the importane of organic farming?,Food_and_Drink
Which crop is the major source of food in africa?,Food_and_Drink
what is the major cassava disease?,Health
what are different cassava diseases?,Health
what are the signs and symptoms of CBB disease?,Health
what are the sustainable approaches to cassava disease management?,Health
which diseases can be spread by whiteflies?,Health
what is irrigation?,Business_and_Industrial
what are organic fertilizers?,Food_and_Drink
what are fertilizers?,Business_and_Industrial
why are fertilizers used in farming?,Business_and_Industrial
what type of fertilizers are made from chemical?,Business_and_Industrial
what is pest management?,Home_and_Garden
what are the different methods of pest management?,Home_and_Garden
in which way is climate change affecting agriculture?,People_and_Society
what are the effects of climate change,Science
what is crop protection?,Health
what kind of practices are used for crop protection?,Health
give two cultural crop protection practices.,Food_and_Drink
what is GMO in full?,Food_and_Drink
define what GMO is?,Business_and_Industrial
what concerns have recently been raised about GMO's? ,Business_and_Industrial
how can i define precision agriculture?,Business_and_Industrial
what kinds of tools are used in precision agriculture,Business_and_Industrial
what kind of information is collected by tools used in precision agriculture?,Business_and_Industrial
how can the information collected for precision agriculture used?,Business_and_Industrial
what is Integrated Pest Management?,Home_and_Garden
why is Integrated Pest Management used?,Home_and_Garden
what causes plant diseases?,Health
how do we control plant diseases?,Health
How can I increase the yield of my potato crop?,Food_and_Drink
What is the best way to store harvested wheat to prevent spoilage?,Food_and_Drink
What is the best time of year to plant soybeans in the Midwest?,Business_and_Industrial
what is the most popular crop in midwest?,Business_and_Industrial
what is the percentage of moisture content before storage?,Home_and_Garden
How can I control the spread of fungal diseases in my tomato plants?,Food_and_Drink
What is the recommended dosage of fertilizer for growing strawberries in sandy soil?,Food_and_Drink
How can I prevent soil erosion on my farm?,Business_and_Industrial
What are some common pests that attack apple trees and how can I control them?,Health
what other methods can be used to control apple tree pests?,Health
How do I know when my corn is ready to harvest?,Food_and_Drink
how do i check for corn maturity?,Finance
What are some sustainable farming practices that can help reduce environmental impact?,Food_and_Drink
What are some common pests that can affect maize crops?,Health
What is the ideal planting density for maize?,Food_and_Drink
How can I improve the quality of my grapes for winemaking?,Food_and_Drink
which year was Apple farming introduced in Uganda?,Food_and_Drink
What type of soil is best suited for growing beans?,Food_and_Drink
How should the soil be prepared before planting beans?,Food_and_Drink
What is the recommended pH range for soil used for growing beans?,Food_and_Drink
"What are some common pests and diseases that can affect beans, and how can they be managed?",Health
"When is the best time to harvest beans, and how is this determined?",Food_and_Drink
"What is field curing, and why is it important for bean crops?",Food_and_Drink
What is threshing?,Business_and_Industrial
how is threshing done for bean crops?,Food_and_Drink
What is post-harvest management?,Business_and_Industrial
which other techniques can help preserve quality of beans?,Food_and_Drink
what is the right spacing for beans when plantimg?,Food_and_Drink
what is the ideal storage temperature for beans?,Food_and_Drink
what should grapes be harvested?,Food_and_Drink
why is post-harvest management important for preserving the quality of beans?,Food_and_Drink
how are beans planted?,Food_and_Drink
What is maize and why is it important?,Business_and_Industrial
What are the ideal conditions for planting maize?,Food_and_Drink
How are maize planted?,Food_and_Drink
what is the spacing between plants and rows?,Home_and_Garden
What is necessary to facilitate seedling growth during the germination process?,Health
What are the common pests and diseases that affect maize?,Health
how can pest and diseases be managed in maize plants? ,Health
When is the ideal time to harvest maize?,Food_and_Drink
how are plants harvested?,Food_and_Drink
What is the process of field drying and threshing maize?,Food_and_Drink
How is maize  stored after harvesting?,Food_and_Drink
What are the ideal storage conditions for maize to prevent mold growth and insect infestation?,Food_and_Drink
which district in Uganda was apple first introduced?,Food_and_Drink
which other regions in Uganda grow apples?,Food_and_Drink
what are some of the challenges in growing apples?,Food_and_Drink
"What is the fall armyworm, and why is it a concern for farmers in Uganda?",Health
When was the fall armyworm first detected in Uganda?,Health
Which crops are most susceptible to armyworm infestation in Uganda?,Health
What are the potential crop losses due to armyworm infestation?,Health
"How is the spread of armyworms facilitated, and why is it challenging to contain their spread?",Health
What are some of the methods that farmers in Uganda use to control armyworms?,Health
when do i harvest cassava plant?,Food_and_Drink
what type of fertilizers can be applied for maize?,Business_and_Industrial
Testing Cassava?,Health
How long does beans take  from planting to harvesting season?,Food_and_Drink
any maize market out there?,Food_and_Drink
"In growing Irish potatoes,row planting and use of holes, which one conserves fertilizers?",Food_and_Drink
where do I submit my answer?,Jobs_and_Education
What are the effects of reliable rain fall,News
when can Calcium Ammonium Nitrate (CAN) be applied in maize?,Business_and_Industrial
"Any maize markets out there?
",Food_and_Drink
which key districts produces maize in uganda?,Business_and_Industrial
Is maize growth affected by altitude?,Business_and_Industrial
what is seed dormancy,Science
What is the best season for beans?,Food_and_Drink
what the required soil PH for beans,Food_and_Drink
name two types of beans found in the garden,Food_and_Drink
"What type of soil is beans doing well
",Food_and_Drink
Name factors that causes seed dormancy,Science
How can couch grass be effectively control from the cassava garden.,Home_and_Garden
what is Thiram,Business_and_Industrial
Which common chemical is used for seed dressing,Food_and_Drink
what is soil fertility,Health
Which agricultural method can be used to improve on soil fertility,Business_and_Industrial
What is the recommended spacing for cassava?,Food_and_Drink
What are the symptoms of cassava mosaic,Health
What are the factors affecting response of crops to fertilizers,Business_and_Industrial
what causes Cassava mosaic disease,Health
how do you control Cassava mosaic disease,Health
how can Cassava mosaic disease spread ,Health
which fish are grown in farms?,Food_and_Drink
which natural water can fish grow in?,Food_and_Drink
Where does our food come from?,Food_and_Drink
How has farming changed in the United States?,News
how many farms were there in United States in 1935,Business_and_Industrial
Which U.S. states are the biggest farm states?,Business_and_Industrial
How does the combine harvester help farmers?,Business_and_Industrial
how was harvesting done before the evolution of machinery?,Business_and_Industrial
which farm tool was used by farmers to thresh or beat the dried wheat in order to separate its edible grain seeds from its stalks,Food_and_Drink
what are combine harvesters?,Business_and_Industrial
Who invented the earliest milking machines?,Business_and_Industrial
how were the primitive milking machine used?,Food_and_Drink
What is a seed drill?,Business_and_Industrial
how did seed drill helped farmres,Business_and_Industrial
What are windmills used for?,Business_and_Industrial
what is the use of wind mill.,Business_and_Industrial
which people used small windmills to generate electricity in rural areas,Business_and_Industrial
What are barns used for?,Home_and_Garden
Why are crops sprayed with pesticides?,Food_and_Drink
what are other reasons  why crops are sprayed,Business_and_Industrial
What is a silo?,Business_and_Industrial
what is hay,Food_and_Drink
"which crop is the crop most often used for silage.
",Food_and_Drink
Does organic farming contribute to less pollution?,Food_and_Drink
Organic farms that raise livestock such as dairy cows or chickens feed the animals with?,Food_and_Drink
what the advantages of natural food?,Food_and_Drink
why do farmers to use chemicals,Business_and_Industrial
what is the basic principle of organic farming,Food_and_Drink
how do farmers control insects?,Health
Does organic farming contribute to less pollution?,Food_and_Drink
which countries in United States has fish farms,Food_and_Drink
which two countries contribute to 80 percentage of the sea food,Food_and_Drink
Why do cows stand around in fields eating all day?,Food_and_Drink
A large diary cows can eat up of?,Food_and_Drink
how many chambers does a cow has,Pets_and_Animals
give other examples of ruminats,Food_and_Drink
what is the use of cow's special stomach,Food_and_Drink
Why do horses sleep standing up?,Pets_and_Animals
How can cows make so much milk?,Food_and_Drink
Why are pigs so dirty?,Food_and_Drink
what does poverty results in?,People_and_Society
Do farmers waste water?,Food_and_Drink
What is Consumptive water use?,Food_and_Drink
Farmers are focused on conserving water for several reasons,Food_and_Drink
Do cows cause global warming? ,Pets_and_Animals
what percentage does agriculture contribute to the total greenhouse gas emissions,People_and_Society
which year did methane emission decline to 35%,People_and_Society
Can the world support more vegetarians than meat eaters?,Food_and_Drink
"Is buying organic food better for the environment than buying food
produced conventionally?
",Food_and_Drink
How does farming and ranching impact wildlife habitat?,Pets_and_Animals
what is rotenone?,Business_and_Industrial
which pesticides causes liver disease?,Health
which body oversees organic certification>,Business_and_Industrial
"which synthetic substances allowed in organic production.
",Business_and_Industrial
what is FDA,Health
How do you call the young ones of a horse,Pets_and_Animals
Name one breed of a horse,Pets_and_Animals
what are ponnies?,Beauty_and_Fitness
A mature horse shorter than 14 hands is considered?,Pets_and_Animals
How is the height of a horse measured?,Business_and_Industrial
what does a hand represents in a horse?,Arts_and_Entertainment
why has Food and Drug Administration has approved  the use of antibiotics in treating animals?,Health
how do ranchers administer antibiotics?,Health
why do ranchers do not like to use antibiotics?,Health
Is beef a healthy protein option?,Food_and_Drink
what is the use of vitamin B6?,Health
which vitamins helps blood cell and DNA development,Health
do plants have naturally occurring B12?,Science
what is animal welfare?,Pets_and_Animals
why is animal welfare important to ranchers?,Pets_and_Animals
List the Animal Care Principles for producers,Pets_and_Animals
why should we have more livestock on the grazzing ground?,Food_and_Drink
what are other merits of increasing the density of cattles on the grazing land?,Food_and_Drink
Do brown cows produce chocolate milk?,Food_and_Drink
List the breeds of dairy cattle?,Food_and_Drink
How many pounds of grain does it take to produce 1 pound of beef?,Food_and_Drink
Are beef animals consuming grain that could be used to feed humans?,Food_and_Drink
what important role does agriculture play?,Business_and_Industrial
"Could more people be fed if crop land was used for food for human
consumption instead of livestock or livestock feed?",Food_and_Drink
what is High fructose corn syrup,Food_and_Drink
what median age of farmers in the US,People_and_Society
what is the importance of agriculture.,Business_and_Industrial
Is agriculture a necessary industry?,Business_and_Industrial
Can I eat healthy without spending a lot of money?,Food_and_Drink
Where does our food come from?,Food_and_Drink
what is Food Supply Continuum,Food_and_Drink
what are the three phases of  Food Supply Continuum,Food_and_Drink
"During  Food Supply Continuum, what processes are included inside pre-harvest phase.",Food_and_Drink
what processes are involved during harvest phase of  Food Supply Continuum,Food_and_Drink
"during the final stage, what activities are done during  Food Supply Continuum",Jobs_and_Education
"Is buying local and organic the same thing?
",Food_and_Drink
What does the label on my egg carton mean?,Food_and_Drink
What are genetically modified organisms (GMOs)?,Science
what is plant biotechnology,Business_and_Industrial
"the product of consistent modification by scientists are called?
",Science
"Are fresh, raw vegetables healthier and more nutritious than frozen
vegetables?",Food_and_Drink
give two ways in which frozen vegetables can even be more nutritious than fresh vegetables.,Food_and_Drink
What percentage did vitamin C in fresh broccoli dropped?,Food_and_Drink
"If it says locally grown, does that mean it is from my community?",Business_and_Industrial
Is global hunger caused by a shortage of food?,Food_and_Drink
what causes hunger?,Health
What is gene editing? How is it different from genetic engineering?,Science
"What is the difference between cloning and genetic modification (GM)?
",Science
Can farmers save and replant GMO seeds?,Food_and_Drink
Are genetically modified organisms (GMOs) the only organisms with genes?,Science
Can eating a genetically modified fruit or vegetable change a person’s genes?,Food_and_Drink
What kind of technology do farmers use in the field to help the environment?,Business_and_Industrial
How is technology in agriculture changing?,News
Is the primary focus of the USDA agricultural programs?,Business_and_Industrial
"what is RFID in full
",Computers_and_Electronics
what is RFID used for?,Computers_and_Electronics
which other field is RFID being used?,Computers_and_Electronics
"Does the United States import more agricultural products than we export?
",Business_and_Industrial
which agricultural products accounted for the exports in 2019,News
which two countries are the largest trading partners of the U.S,Business_and_Industrial
Do agricultural exports help the economy? ,Business_and_Industrial
Does most of the money I pay for food go back to the farmer?,Food_and_Drink
Does my food price go up because farmers want to make more money?,Food_and_Drink
List inputs whose cost would lead farmers to increase prices.,Business_and_Industrial
"If a farm is large, does that mean it is a corporate farm?",Business_and_Industrial
Are we losing family farms because corporate farms are taking over American Agriculture?,Business_and_Industrial
Is agriculture a luxury or a matter of national security?,Business_and_Industrial
What is soil science and management.,Science
why is it important in agriculture?,Business_and_Industrial
"What are some of the physical and chemical, properties of soil that soil scientists study?",Science
What are some of biological properties of soil that soil scientists study?,Science
what is soil?,Science
List some of the soil management activites.,Health
"what is the importance of soil management.
",Business_and_Industrial
what is fertilization?,Health
why is fertilizer used in soil management?,Business_and_Industrial
name two types fertilizers.,Business_and_Industrial
in which areas are irrigation done.,Home_and_Garden
why do farmers practice irrigation.,Business_and_Industrial
what is tillage?,Business_and_Industrial
excessive tillage can lead to ?,Business_and_Industrial
why must farmers  balance the benefits of tillage against its potential negative impacts,Business_and_Industrial
what is crop rotation in soil management?,Food_and_Drink
why is crop rotation important?,Food_and_Drink
what is final stage in crop cultivation,Food_and_Drink
what is harvesting,Food_and_Drink
which stage of crop cultivation involves placing seeds or seedlings into the soil at the right depth and spacing.,Food_and_Drink
name one crop planted by using a seed drill.,Food_and_Drink
why do crops require regular maintainance after planting,Food_and_Drink
name the activities of crop maintanance.,Business_and_Industrial
name the first step in crop cultivation,Food_and_Drink
what are cover crops,Food_and_Drink
What is crop cultivation?,Business_and_Industrial
what is plant nutrition?,Food_and_Drink
"give examples of macronutrients?
",Health
give examples of micronutrients.,Health
which nutrients are required for high yield in cassava.,Food_and_Drink
name the various forms in which fertilizers can be applied?,Business_and_Industrial
name some of the common water management practices,Business_and_Industrial
what are some of the water conservation practices being done.,People_and_Society
how can i differentiate sprinkler irrigation from drip irrigation.,Home_and_Garden
what is a fish farm,Food_and_Drink
Name the various activities done during crop cultivation.,Business_and_Industrial
why is crop cultivation a critical aspect of agriculture.,Food_and_Drink
name regions where irrigation is applicable.,Business_and_Industrial
what is  irrigation.,Business_and_Industrial
name activities done during water management.,Business_and_Industrial
Poor irrigation leads to?,Home_and_Garden
name the types of irrigation.,Business_and_Industrial
The primary macronutrients are?,Health
which nutrient is essential for the production of chlorophyll.,Science
what is the importance of chlorophyll.,Science
"which nutrient  is important for root development, flowering, and fruiting.",Food_and_Drink
"what nutrients can i use for water regulation, disease resistance, and stress tolerance in plants.",Health
what are organic fertilizers?,Food_and_Drink
what does  nitrogen deficiency causes?,Health
The deficiency of phosphorus results into?,Health
which symptoms are evident of Micronutrient deficiencies,Health
why do farmers plant cover crops?,Food_and_Drink
why do we say cover crops are nurse crops?,Health
how doses cover crops reduce soil loss?,Health
what is Pastoralism.,People_and_Society
how do we call the cover crops that increases soil fertility.,Business_and_Industrial
what are green manure used for?,Food_and_Drink
which types of crops are used to retain and recycle soil nitrogen already present.,Business_and_Industrial
how do we define a cover crop biomass.,Business_and_Industrial
name one crop that belongs to Brassicaceae family,Food_and_Drink
how does  Brassicaceae family crops suppress fungal disease.,Health
whats the botanical name of african armyworm,Science
which family does the African armyworm belongs to.,Health
how did the name armyworm starts.,Games
name the phase in polyphenism in which the larvae raised in isolation turns green,Science
which phase in polyphenism in which the larvae raised in groups turns black.,Science
why are Gregaria caterpillars considered very deleterious pests.,Health
name Spodoptera exempta species that have chisel-like mandibels.,Pets_and_Animals
which countries do we find african armyworm,Health
which region in African has the armyworm,Health
name the four stages of the lifecycle.,Business_and_Industrial
how many eggs does a female African armyworm lays.,Health
how many eggs does the female armyworm lays per night.,Pets_and_Animals
where do armyworms lay their eggs.,Pets_and_Animals
what is the size of the armyworms laid eggs.,Food_and_Drink
when do the eggs of armyworms turn black.,Pets_and_Animals
how many days does the eggs takes to hatch into larvae.,Pets_and_Animals
what causes the green coloration in Solitaria larvae,Health
what are other benefits of cover crops to habitat.,Food_and_Drink
how does clover cover crop enhanced songbird habitat.,Pets_and_Animals
when do adults emerge?,People_and_Society
when do ad.ults emerge from pupa stage,Science
how long does the adult live.,Health
how can distinguish female from male,People_and_Society
how many bristles do female armyworms have?,Health
what happens to African armyworms first after emerging from pupation,Pets_and_Animals
how do the moths migrate?,Pets_and_Animals
when do moths travel?,Travel_and_Transportation
why is migration benefical to moths?,Pets_and_Animals
name two types of African armyworm outbreak.,Health
when do primary outbreaks occurs?,Health
when secondary outbreaks occur?,Health
what is Food Safety and Inspection Service (FSIS) responsible.,Food_and_Drink
what does  Food and Drug Administration (FDA) focuses on.,Health
what  is the role of Center for Disease Control(CDC). ,Health
Give one example of  natural erosion caused by water.,People_and_Society
how do farmers control soil erosion.,Health
which kind of GM varieties release protein to control pest.,Food_and_Drink
what is Couch grass?,Home_and_Garden
what is isolation.,Science
what is micropropagation.,Science
"what is volunteer plant
",People_and_Society
define what a seed class is?,Science
What is rouging.,Sports
what is ratoon crop.,Food_and_Drink
what does Agriculture encompasses.,Business_and_Industrial
The major agricultural products can be broadly grouped into ?,Business_and_Industrial
name agricultural products that belong to food classes.,Food_and_Drink
what is the approximate Global agricultural production of food.,Food_and_Drink
what is the approximate Global agricultural production,Business_and_Industrial
what is the approximate amount of Global agricultural production of wood.,Business_and_Industrial
name any Environmental issues.,People_and_Society
what are some of the high risk of work-related hazards that can affect farmers.,Health
what is common cause of fatal agricultural injuries in developed countries.,Health
what are the common causes of fatal injuries among young farm workers.,Health
which population is vulnerable  in agriculture.,People_and_Society
which  sector is considered as one of the most hazardous of all economic sectors by International Labour Organization.,Business_and_Industrial
what is the estimates of the annual work-related death toll among agricultural employees.,News
what is shifting cultivation.,Business_and_Industrial
which kind of cultivation is sometimes referred to as slash and burn.,Business_and_Industrial
what is monoculture.,Business_and_Industrial
what is multiple cropping.,Computers_and_Electronics
define what is intercropping.,Business_and_Industrial
name the important categories of food crops.,Food_and_Drink
name the major categories of Natural fibers.,Business_and_Industrial
what is animal husbandry?,Pets_and_Animals
name working animals that have been used to cultivate fields.,Pets_and_Animals
what is Aquaculture,Health
what is Tillage.,Food_and_Drink
How can Tillage improve productivity.,Business_and_Industrial
Name the pest control management practices.,Home_and_Garden
Name the cultural pest control practicies.,Home_and_Garden
Name cultural  techniques for managing crop nutrients use.,Food_and_Drink
what farming technique is used to supplement rainfall in areas of low rainfall.,News
which technical allows for water status monitoring and automate water usage.,Business_and_Industrial
what is Payment for ecosystem services.,Business_and_Industrial
what is agricultural automation?,Business_and_Industrial
which type of family do green manure crops belongs to.,Food_and_Drink
which nutrient is leguminous crops high in?,Food_and_Drink
what happens during biological nitrogen fixation?,Science
which other way can cover crops increase fertility,Health
why do we manage soil quality?,Business_and_Industrial
what are principal factors of soil quality.,Health
how are cover crops used in agroecosystem where water for crop production is in short supply,Food_and_Drink
which other way can make a cow produces more milk? ,Food_and_Drink
how many teats or nipples does a cow has?,Food_and_Drink
how do cover crops suppress weeds during growth.,Home_and_Garden
how do cover crops suppress weeds after death,Health
name examples of cover crops.,Home_and_Garden
"apart from suppressing weeds, what are other properties of allelopathic cover crops.",Health
what does S. exempta larvae feeds on?,Health
what is Poaceae.,Science
what is the other name of Couch grass.,Home_and_Garden
when does the differences in appearance between the solitaria and gregaria phases become apparent.,Health
in which phase is the armyworms species dangerous to crops.,Games
why is gregaria phase dangerous to crops.,Health
when are the African armyworms noticed by farmers.,Food_and_Drink
when do the intensity of outbreak increases.,Health
what are some of the challenges faced by S. exempta.,Business_and_Industrial
During which phases are the S. exempta species susceptible to a cytoplasmic virus.,Health
how does S. exempta reduce the risk of SpexNPV,Health
what does the female S.exempta release to attract males.,People_and_Society
why do farmers have low cancer and death rates.,Health
which type of cancer are high among agricultural workers.,Health
why there is an increase of skin cancer among farmers,Health
how do you define organic?,Business_and_Industrial
how do we prevent foodborne illness?,Health
what percentage o electricity does fossil fuel accounts for?,Business_and_Industrial
how can mulching be used to prevent or control couch grass,Home_and_Garden
name one Glyphosate-based herbicides that can be used to control Couch grass in cassava garden.,Home_and_Garden
how can tillage be used to control Couch grass.,Home_and_Garden
how effective is hand-pulling as way of controlling Couch grass.,Home_and_Garden
how does reliable rainfall improve crop yield.,News
how can reliable rainfall improve soil health?,Health
how is biodiversity enhanced through reliable rainfall.,Science
how can rainfall increase water quality.,News
what is a contaminant.,Health
what is crop age?,Health
what is Crop rotation.,Food_and_Drink
how do define Field count.,Computers_and_Electronics
what is Field inspection.,Business_and_Industrial
what is Generation.,Arts_and_Entertainment
what is the role of an inspector.,Law_and_Government
Name regions in which Pastoralism is practised.,People_and_Society
how is  shifting cultivation done?,Business_and_Industrial
where area is  shifting cultivation done.,Business_and_Industrial
Name areas where substance farming is practicied.,Business_and_Industrial
what is Intensive farming.,Business_and_Industrial
where is Intensive farming practiced.,Business_and_Industrial
define Livestock management practices?,Business_and_Industrial
why should farmers implement waste management strategies.,Business_and_Industrial
why should Livestock receive appropriate veterinary care.,Pets_and_Animals
name any  veterinary care that should be given to livestock,Pets_and_Animals
name ways how farmers can manage breeding and reproduction of livestock.,Food_and_Drink
why should farmers implement disease prevention strategies.,Health
what are some of the disease prevention strategies that farmers can use.,Health
Livestock needs appropriate housing to protect them ,Pets_and_Animals
why should the housing be kept well ventilated and clean.,Home_and_Garden
why do livestock require a steady supply of food and water.,Food_and_Drink
what is Livestock management.,Business_and_Industrial
name any Livestock management practices.,Business_and_Industrial
why are Effective livestock management practices are essential.,Food_and_Drink
name any livestock diseases.,Health
how can farmers prevent livestock diseases.,Health
name the diet in which diary cows should be fed on.,Food_and_Drink
which animal require a diet that is lower in protein but higher in carbohydrates.,Food_and_Drink
why do farmers need to manage the timing and frequency of feedings.,Business_and_Industrial
why are maize planted in rows.,Food_and_Drink
How does FAO defines agricultural automation.,Business_and_Industrial
name any form of Motorized mechanization in agricultural autoation.,Autos_and_Vehicles
what is the use  autonomous crop robots.,Science
which tools are used by farmers to gather information to help automate input application.,Business_and_Industrial
which region has the adoption of motorized mechanization has stalled over the past decades.,Autos_and_Vehicles
which region has adopted automatic milking system.,Business_and_Industrial
How has agricultural automation stimulated employment.,Business_and_Industrial
what is GMO in full.,Food_and_Drink
define Genetically modified organisms.,Science
name one GMO crop used by farmers.,Food_and_Drink
what are Herbicide resistant seeds.,Food_and_Drink
what are the benefits of crop domestication.,Food_and_Drink
what is Land transformation.,People_and_Society
what is the percentage of land degradation worldwide.,People_and_Society
what does Eutrophication leads to?,Science
how does  Fertilisers  reduce terrestrial biodiversity .,Health
how does climate change affects agriculture.,People_and_Society
how has methane emissions negatively impacted crop yields.,People_and_Society
what is the WHO death estimates from pesticides poisonings.,Health
what is a major source of greenhouse gas emissions,People_and_Society
what percentage does the production of animal food produce to Green House Emission.,Food_and_Drink
what is pest control.,Home_and_Garden
what farming techniques helps to reduce the build up of a certain pest species.,Food_and_Drink
what is biological pest control.,Home_and_Garden
how is biological pest control done?,Home_and_Garden
how are mosquitoes controlled biologically.,Health
what is Mechanical pest control.,Home_and_Garden
what is fumigation.,Home_and_Garden
why is forest  pests control difficult.,Health
name any one example of forest pest.,Health
what is being used to monitor to pest populations in the canopy.,Health
what is physical pest control.,Home_and_Garden
what are Glueboards  used for?,Hobbies_and_Leisure
how are pesticides applied to crops.,Health
what is a trap crop?,Food_and_Drink
how else can you achieve pest control.,Home_and_Garden
name one plant that uses C4 carbon fixation.,Business_and_Industrial
name plants that uses C3 carbon fixation.,Science
why are maize varieties genetically modified.,Food_and_Drink
which herbicide kills all plants except those with genetic tolerance.,Health
how is low-till farming done?,Business_and_Industrial
which year was maize introduced in Uganda.,Business_and_Industrial
why has maize production improved in Uganda.,Business_and_Industrial
what are some of the technologies used by farmers in maize production.,Business_and_Industrial
which countries import  maize from Uganda.,Business_and_Industrial
which districts in Uganda produce maize.,Business_and_Industrial
which maize varieties are commonly available in East Africa.,Food_and_Drink
which variety was recommended for Northern region with shorter rains.,News
which year was Kawanda Composite A released.,Business_and_Industrial
what is the best time to plant maize,Food_and_Drink
what is depth of the soil for planting maize.,Food_and_Drink
how do you space maize when planting.,Food_and_Drink
what is the recommended spacing for long 1.,Health
how is long 2H spaced.,Business_and_Industrial
which type of farmers perform manual weeding.,Business_and_Industrial
what is the required PH for cassava growth.,Food_and_Drink
what are the ecological requirements for cassava growth.,Food_and_Drink
what is the minimum soil depth required for growing cassava,Food_and_Drink
why is cassava referred to as a short-day plant?,Food_and_Drink
what is the required humidity for cassava growth.,Food_and_Drink
"which crop can be grown at elevations up to 2,000 meters above sea level, but it grows best at lower elevations.",Food_and_Drink
which continents are cassava  referred to as an important source of food and income for millions of people.,Food_and_Drink
why cassava widely grown?,Food_and_Drink
which nutrients can we get from cassava roots.,Food_and_Drink
"name the processes in cassava growing,",Food_and_Drink
How long does cassava takes to mature.,Food_and_Drink
How are the toxic cyanide compounds removed from harvested cassava. ,Food_and_Drink
what the several challenges facing cassava production.,Food_and_Drink
What is the organic name for cassava.,Food_and_Drink
which cassava variety is grown in Brasil?,Food_and_Drink
which cassava variety was developed by the International Institute of Tropical Agriculture (IITA) and is popular in many African countries.,Food_and_Drink
why do farmers prefer TME 419 variety.,Food_and_Drink
which cassava variety is mainly grown in Thailand.,Food_and_Drink
which variety is known for its high starch content and good processing qualities.,Food_and_Drink
name the variety grown in kenya.,Food_and_Drink
is TMS 30572 cassava variety popular in nigeria?,Food_and_Drink
"which variety is grown in Colombia and is known for its high yield potential, disease resistance, and good processing qualities.",Food_and_Drink
Is uganda among the largest cassava producers in Africa?,Food_and_Drink
which other variety is developed by NARO and has good yield potential and is resistant to cassava mosaic disease and cassava brown streak disease,Food_and_Drink
which variety is popular in north and tolerant to drought.,Food_and_Drink
name the pre-cultivation requirements are important for ensuring a healthy and high-yielding cassava crop.,Food_and_Drink
what depth should the cassava garden be ploughed to.,Food_and_Drink
what kinds of seeds should be used when planting cassava.,Food_and_Drink
name different ways of planting cassava.,Food_and_Drink
what is the best spacing for cassava.,Food_and_Drink
how can a farmer control pest and disease.,Health
name the various pest and diseases that can affect cassava plants.,Health
why should the garden be harrowed after ploughing.,Home_and_Garden
what is the ridges or furrows dimensions to be created.,Arts_and_Entertainment
what is the distance of the furrows to be formed for cassava plants.,Business_and_Industrial
why do farmers apply manure.,Food_and_Drink
why should the ridges be labelled?,Hobbies_and_Leisure
why should farmers ensure proper land preparation before planting cassava.,Food_and_Drink
How is cassava planted using single stem method.,Food_and_Drink
what is the advantages of single stem planting method.,Food_and_Drink
name one demerits of single stem planting method.,Food_and_Drink
how is stake planting done?,Business_and_Industrial
why do farmers don not like stake method of planting.,Business_and_Industrial
what is the advantages of stake planting.,Business_and_Industrial
what is mound planting.,Hobbies_and_Leisure
why should you use mound planting.,Hobbies_and_Leisure
which crops can be grown together with cassava.,Food_and_Drink
How is intercropping helpful in cassava production.,Food_and_Drink
what is manual weeding.,Home_and_Garden
which type of weed control involves the use of herbicides to control weeds in the cassava field,Home_and_Garden
why does the use of herbicides requires proper training and application.,Health
what is mulching.,Home_and_Garden
why is mulching important.,Home_and_Garden
what is inter-cropping.,Arts_and_Entertainment
what is crop rotation.,Food_and_Drink
why are cover crops used in cassava cultivation.,Food_and_Drink
name any example of cover crops that can be grown together with cassava.,Food_and_Drink
what activities are necessary for ensuring healthy and high-yielding cassava crops.,Food_and_Drink
why should you cassava plant regularly.,Food_and_Drink
how long should the cassava stem be cut?,Food_and_Drink
what is the ideal spacing between cassava stems.,Food_and_Drink
how long does the cassava plant takes to mature.,Food_and_Drink
which tool can be used to cut cassava stems.,Food_and_Drink
how can you tell a cassava plant is mature.,Food_and_Drink
what is mechanical planting?,Business_and_Industrial
what are used to mark rows when planting cassava.,Food_and_Drink
name any one planting method that is suitable for large scale farmers.,Business_and_Industrial
what is the botanical name for Cassava green mite.,Science
which environmental condition does the Cassava green mite have.,Pets_and_Animals
what is the estimated number of eggs a cassava green mite can lay?,Food_and_Drink
how can farmers control Cassava green mite.,Food_and_Drink
which other pest management practices can help to prevent and control green mite infestations,Home_and_Garden
how can yellowing be used to check cassava maturity.,Food_and_Drink
"which indicator can be used to check for cassava maturity.
",Food_and_Drink
what is a test dig?,Jobs_and_Education
what is the proper storage facility for cassava plant.,Food_and_Drink
why should cassava be protected from direct sunlight.,Food_and_Drink
name any other way of storing cassava.,Food_and_Drink
why should cassava not be stack too high.,Food_and_Drink
why should  cassava be processed or sold quickly after harvesting.,Food_and_Drink
"which pest feeds on the leaves and stems of cassava, causing defoliation and reduced yield",Health
which pest feeds on the underside of cassava leaves and causes yellowing and curling of the leaves,Health
which pest feeds on the sap of the cassava plant.,Food_and_Drink
"which pest feeds on the underside of the cassava leaves, causing them to turn yellow and dry up",Pets_and_Animals
"what is cassava mealybug
",Food_and_Drink
what is the botanical name for cassava mealybug,Food_and_Drink
what are the signs and symptoms of cassava mealybugs.,Health
how can you control mealybug biologically?,Health
what are other pest management practices that can be used to manage mealybug infestations.,Home_and_Garden
what is another name for cassava whitefly.,Food_and_Drink
what is a cassava whitefly,Food_and_Drink
where can we find cassava whitefly.,Food_and_Drink
name the symptoms of cassava whitefly.,Health
which sugary substance is secreted by cassava  whitefly that can promote the growth of sooty mold and attract other insects to the plant.,Food_and_Drink
how can a farmer manage cassava whitefly infestations.,Health
what biological method can a farmer use to control cassava whitefly.,Food_and_Drink
can i use insecticides to manage cassava whitefly infestation?,Health
which other ways can farmers use to manage cassava whitefly.,Food_and_Drink
which caterpillar pests  can cause significant damage to cassava crops.,Health
which species of armyworms are the most common.,Pets_and_Animals
what are the effects of armyworm infestation.,Health
what is the first stage of managing armyworms.,Health
where are the south americans beetles,Health
what are some of the ways of managing armyworms.,Health
how can a farmer regularly monitor for cassava beetles.,Health
name any insecticides that can be used on cassava beetles.,Health
"apart from using insecticides, name any other ways farmers can manage beetle infestations.",Health
which natural predators are used to control armyworms.,Pets_and_Animals
which crops can be intercropped with cassava to help attract natural predators of cassava beetles.,Food_and_Drink
what are some of the pest management practices for armyworm.,Health
"which  social insects live in large colonies in the soil and feed on wood, plant matter, and other cellulose-containing materials.",Pets_and_Animals
name the two common types of cassava beetle.,Health
what does the beetle feeds on?,Pets_and_Animals
where can we find African beetles.,Pets_and_Animals
which other pest management activities can be done to control termides.,Home_and_Garden
what are the effects of termites infestations.,Health
name one chemical pesticides that can be applied to control termides.,Health
what are some of the signs of cutworms.,Health
at what stage does the cutworms attack cassava?,Food_and_Drink
name some control measures for cutworms.,Science
name some cultural practices that farmers can use to control cutworms,Food_and_Drink
how can you control whiteflies,Hobbies_and_Leisure
What causes CBB.,Jobs_and_Education
What are the symptoms of cassava bacteria blight.,Health
How is CBB spread?,Sports
how can you ensure sanitation control CBB.,Health
What fungicides can be used to control CBB.,Business_and_Industrial
How can crop rotation be used to control CBB.,Hobbies_and_Leisure
Are there some CBB resistant crops?,Food_and_Drink
when is maize for silage harvested.,Food_and_Drink
what is cassava mosaic disease.,Health
what spreads cassava mosaic diesease.,Food_and_Drink
what are symptoms of Cassava Brown Streak Disease.,Health
what does Cassava Bacterial Blight causes on the cassava.,Food_and_Drink
what does Cassava Anthracnose Disease: causes.,Health
what is root rot disease.,Health
what are the control measures for Cassava Anthracnose Disease:,Health
what is the long term control measures for the cassava diseases.,Health
Name the virus that causes Cassava Brown Steak Disease.,Food_and_Drink
what are the characteristics of CBSD infection.,Health
which region is commonly infested by CBSD.,Health
name one way of controlling Cassava Brown Steak Disease.,Food_and_Drink
How can Rogueing be used to control CBSD.,Games
How can crop rotation be used to control CBSD from spreading.,Computers_and_Electronics
name other ways a farmer can use to control CBSD.,Business_and_Industrial
What is the effect of Cassava Mosaic Disease (CMD) in severe condition.,Health
what spreads Cassava Mosaic Disease (CMD),Health
what is Cassava Mosaic Disease (CMD).,Health
what is the effect of CMD.,Business_and_Industrial
which fungal disease affects cassava,Health
which fungi causes root rot ?,Health
how can a farmer identify root rot in cassava plant.,Health
what is the color lesions created as a result of root rot,Health
how is root rot spread?,Health
how can farmers ensure proper drainage.,Business_and_Industrial
can crop rotation help control root rot in cassava?,Food_and_Drink
how can crop rotation be used to control cassava mosaic disease.,Health
how can proper sanitation be used to control root rot.,Health
what other way can a farmers control Cassava mosaic disease,Health
what other measures can a farmer use to control root rot.,Business_and_Industrial
what is CBB,Jobs_and_Education
how can climate affect soil fertility.,Health
can clean planting materials be used to control root rot?,Home_and_Garden
what is Cassava Anthracnose Disease (CAD) .,Health
which fungus causes Cassava Anthracnose Disease (CAD) .,Health
what are some of the symptoms  and signs of CAD,Health
how is Cassava Anthracnose Disease (CAD)  spread?,Health
can crop rotation control CAD in cassava?,Business_and_Industrial
what other measures can be used to control CAD?,Business_and_Industrial
Which cassava disease is the most devastation in Uganda?,Health
what is the effect severe CBSD ,Health
what advise has been to farmers in uganda about CBSD.,Business_and_Industrial
Is there any cassava variety suitable for a particular region in Uganda?,Food_and_Drink
which cassava variety is recommended for karamoja region.,Food_and_Drink
does NAROCASS 1 grow in northern Uganda?,Business_and_Industrial
which cassava variety for suitable for Soroti and Lira.,Food_and_Drink
"which  cassava variety can i plant in the high altitude regions of Uganda, such as Kabale and Kisoro.",Food_and_Drink
"I am in eastern, central, and western Uganda, which cassava do you recommend?",Food_and_Drink
what are Fertilizers?,Business_and_Industrial
which nutrients are provided by fertilizers?,Business_and_Industrial
which critical factors are considered in ensuring healthy plant growth and high yields.,Food_and_Drink
which micronutrients are present in most common fertilizers.,Business_and_Industrial
"apart from providing nutrients, name important of applying fertilizers.",Business_and_Industrial
how can I apply fertilizers.,Business_and_Industrial
what are the negative consequences of fertilizers for the environment.,Business_and_Industrial
what are natural fertilizers made of ?,Business_and_Industrial
what are Synthetic fertilizers?,Business_and_Industrial
what are nitrogen fertilizers?,Business_and_Industrial
name the components of nitrogen fertilizers.,Business_and_Industrial
which provides nutrients that is important for root development and flower and fruit production.,Food_and_Drink
name examples of phosphorous fertilizers,Business_and_Industrial
which type of fertilizer helps plants resist stress and disease and improve overall plant vigor.,Health
give examples of Potassium Fertilizers.,Business_and_Industrial
what are complete fertilizers.,Business_and_Industrial
what are organic fertilizers.,Food_and_Drink
what are liquid fertilizers used for?,Business_and_Industrial
which types of fertilizers are designed to release nutrients slowly over an extended period of time.,Business_and_Industrial
which beneficial microorganisms are contained in microbial fertilizers.,Science
what does NPK stands for.,Business_and_Industrial
Which common chemical is used for seed dressing,Food_and_Drink
what is thiram?,Business_and_Industrial
how does thiram works?,Business_and_Industrial
name other chemicals used for seed dressing.,Business_and_Industrial
why are dressing chemicals called systemic? ,Health
what is the effect of applying too much fertilizers.,Business_and_Industrial
Which agricultural method can be used to improve on soil fertility,Business_and_Industrial
which human activities causes drought.,People_and_Society
name the land use changes that causes drought.,Law_and_Government
how does deforestation causes drought.,People_and_Society
can high temperatures cause drought?,News
what is drought?,News
name districts in karamoja regions that can be affected by drought.,Law_and_Government
which teso region districts are affected by drought.,Law_and_Government
how can timing and method of fertilizer application improves soil fertility.,Health
How long should artificial fertilizers be used in a certain piece of land in order to avoid degradation? ,Business_and_Industrial
Overuse of synthetic fertilizers can lead to?,Business_and_Industrial
What is the current price of yellow beans?,Food_and_Drink
How can clay soil be improved?,Business_and_Industrial
How can i improve clay soil for maize production,Business_and_Industrial
which other method is used to improve clay soil for maize production.,Business_and_Industrial
how can crop rotation improves clay soil.,Business_and_Industrial
"which crop is normally referred to as nitrogen fixers,",Business_and_Industrial
how does Soil moisture and aeration affects soil nutrient intake.,Science
what is Seed dormancy?,Health
how does dormancy affects seed germination.,Science
what is physical dormancy?,Health
how can a farmer overcomes physical seed dormancy.,Business_and_Industrial
name any mechanical scarification techniques that can be done.,Health
how does chemical dormancy occur?,Science
how can you break chemical dormancy.,Health
define embryo dormancy?,Health
what method is used to overcome embryo dormancy.,Science
Ways farmers can guard against drought.,Business_and_Industrial
what is Agroforestry.,Business_and_Industrial
what is Conservation tillage.,Business_and_Industrial
Which pests affects mostly beans?,Health
who are leading beans producers?,Food_and_Drink
What type of soil is beans doing well,Food_and_Drink
which nutrients do beans require for their growth.,Food_and_Drink
which organic matter help improve soil fertility.,Science
which micronutrients do beans require.,Food_and_Drink
what does excessive moisture causes.,Health
How can couch grass be effectively controlled from the cassava garden.,Home_and_Garden
can crop rotation be used to control couch grass?,Home_and_Garden
name other way of controlling couch grass.,Games
which herbicides is effective in controlling couch grass.,Home_and_Garden
Which disease make maize leaves to turn yellow,Health
which disease is transmitted by leafhoppers.,Health
What causes cassava trees to dry before maturity?,Food_and_Drink
What other crops can be inter cropped with cassava without interference in yield reduction?,Food_and_Drink
"when intercropping, what good management practices should be followed.",Business_and_Industrial
"Farmers always burn maize residues, is it a good or bad practice",Food_and_Drink
"which pest feed on the sap of the bean plant, causing stunting and distortion of the leaves",Health
what does Cutworms  feed on.,Food_and_Drink
how can farmers control pest.,Health
"which beetle feed on the leaves of bean plants, causing holes and defoliation, which can reduce yields.",Food_and_Drink
what causes blight?,Health
"Apart from supergro, what other fertilizer can a farmer use to retain moisture in the garden during the period of drought?",Food_and_Drink
"in order to guard against drought, farmers should invest in soil conservation measures to improve soil health and water-holding capacity. They can use techniques such as?",Health
"which fungal disease causes yellowing and browning of the leaves, with characteristic cigar-shaped lesions",Health
which maize disease survive well in warm and humid weather.,Health
what is the characteristics of Common rust maize diseas.,Food_and_Drink
how can farmers deal with cassava dry out through water stress management.,Food_and_Drink
how does Nutrient deficiencies lead to cassava drying out before maturity.,Food_and_Drink
what type of soil can cause cassava plant to die prematurely.,Health
why do farmers intercrop maize with cassava.,Food_and_Drink
which vegetables can be intercropped with cassava. ,Food_and_Drink
which fruit crops can cassava be intercropped with?,Food_and_Drink
name the negative impact of burning maize residues.,Business_and_Industrial
what is top-dressing?,Beauty_and_Fitness
how do apply fertilizers using top-dressing method.,Business_and_Industrial
why are farmers advised not to apply fertilizers during drought or when rainfall are unexpected.,Health
What farming practices destroy soil nutrient,Food_and_Drink
how can overuse of pesticides destroy soil nutrients?,Health
explain how over grazing destroy soil nutrients.,Food_and_Drink
can deforestation affect soil nutrients?,Health
what is the impact of Intensive tillage.,Business_and_Industrial
any other way soil nutrients can be lost?,Health
"When maize starch is extracted, what food value does the flour gives",Food_and_Drink
Maize flour obtained after starch extraction is commonly referred as?,Food_and_Drink
what food products can be made from corn meal.,Food_and_Drink
how can the nutritional value of maize flour obtained after starch extraction be increased.,Food_and_Drink
"Adjumani district, why does farmers preferred cassava stem cuttings than it's seeds",Food_and_Drink
why do farmers prefer cassava stem to cassava seeds.,Food_and_Drink
why does Propagating  cassava through stems very easy.,Food_and_Drink
why do cassava propagated through stem cuttings matures faster compared to seed propagation.,Food_and_Drink
What causes cassava seedling blight?,Health
What are the side effects of preservatives on human health?,Health
do some people experience digestives issues after consuming food with preservatives.,Food_and_Drink
which preservatives causes hormonal disruption.,Health
which components of preservatives can cause cancer.,Health
How can i control the buying of fake agrochemicals,Business_and_Industrial
which other can i control the buying of fake agrochemicals.,Business_and_Industrial
what do i look when inspect the packaging.,Shopping
Which type of fertilizer is good to apply for beans,Food_and_Drink
name two fertilizers used to grow cassava.,Food_and_Drink
name examples of compound fertilizers.,Business_and_Industrial
what are Single nutrient fertilizers.,Business_and_Industrial
What is the best fertilizers for beans? farmers are in need  of rhizobium  is it possible for me to get them and sell to my farmers?,Food_and_Drink
Which type of fertilizer can you use in soil before planting maize?,Food_and_Drink
which fertilizer can be used  once the plants are at least 45 centimeters high.,Food_and_Drink
what interval should CAN be used.,Business_and_Industrial
which fertilizer is advisable to be used during the flowering and grain filling stage.,Food_and_Drink
Suggest the advantages of sandy soil,Business_and_Industrial
Suggest the disadvantages of sandy  soil,People_and_Society
Suggest the advantages of clay soil,Science
Suggest the advantages of clay soil,Science
What maize variety has early maturity and how  many days?,Food_and_Drink
which maize variety has a maturity of 80 days.,Food_and_Drink
what is the maturity age of DKC 9098 maize variety.,Food_and_Drink
how long does TZECOMP 3 takes to mature.,Health
What are the measures farmers can take minimize crop losses during storage,Business_and_Industrial
Where can we farmers get the beans seeds with iron content?,Food_and_Drink
Where else can we farmers get the beans seeds with iron content?,Food_and_Drink
how does farmers benefit from seed exchange programs.,Food_and_Drink
define field capacity?,Business_and_Industrial
what is wilting point?,Arts_and_Entertainment
how do you define Saturation in agriculture.,Business_and_Industrial
what is available water capacity.,Business_and_Industrial
Can maize be grown in green house?,Food_and_Drink
Some maize varieties are more adapted to greenhouse growing conditions. which one are those?,Food_and_Drink
which other conditions should be considered when planting maize in green house.,Food_and_Drink
what is the optimal temperature and humidity in the greenhouse suitable for maize plants.,Home_and_Garden
What are the roles of mineral matter/particles in the soil,Science
Is it true that i can make glue from cassava,Hobbies_and_Leisure
how is glue made from cassava?,Food_and_Drink
name the application of the cassava glue.,Business_and_Industrial
Which condition is suitable for cassava plantation,Food_and_Drink
Can and urea what is suitable for top dressing in maize?,Business_and_Industrial
What is CAN.,Business_and_Industrial
Why is CAN is generally preferred for top dressing in maize.,Food_and_Drink
what is the impact of over-fertilization.,Business_and_Industrial
name one difference between  fresh and dry maize in  terms of the nutrients value.,Food_and_Drink
state the difference between fresh and dry maize in terms of glycemic index.,Food_and_Drink
what is the taste of fresh maize.,Food_and_Drink
which fertilizer is good for maize.,Business_and_Industrial
which fertilizer can i use for beans.,Food_and_Drink
which organic fertilizer is good for cassava cultivation.,Food_and_Drink
name one way a farmer can guard against drought?,Business_and_Industrial
is Acholi Sub-region affected by drought?,Health
what irrigation techniques can farmers use to provide water during drought.,Food_and_Drink
how can farmers harvest rain water.,Food_and_Drink
what water managing techniques can a farmer user to guard against drought?,Business_and_Industrial
which tools can farmers use to monitor water patterns in order to guard against drought.,People_and_Society
name districts in the West Nile Region that are susceptible to drought.,Law_and_Government
name ways how farmers can minimize negative impact of burning maize residues.,Food_and_Drink
name one way bacterial blight can be spread.,Health
how can insects spread bacterial blight.,Health
can human activity spread bacterial blight in the cassava field?,Health
how does water spread blight in cassava field.,Health
which farming tools can spread bacterial blight when contaminated.,Health
how can farmers control bacterial blight.,Health
Which is the best time for spraying beans?,Food_and_Drink
"For example, if the beans are infested with bean weevils or bean fly, when is it recommended to spray?",Food_and_Drink
"For diseases such as bean rust or bacterial blight, when can a farmer spray?",Health
what other recommendation can you give for the best time to apply insecticides or spray your garden.,Home_and_Garden
Which two types of beans gives high yields...the climbing beans or the ordinary beans?,Food_and_Drink
what factors does the yield of beans depends on?,Science
how do other farmers call climbing beans.,Food_and_Drink
why do climbing beans have higher yields than bush beans.,Food_and_Drink
what support structures do climbing beans require for their growth through to harvesting.,Food_and_Drink
Which method of fertilizer application do we use during weeding beans?,Food_and_Drink
Commonly used nitrogen-rich fertilizers for top-dressing maize include?,Food_and_Drink
why is it advisable or recommended to conduct a soil test before fertilizer application.,Health
Which method of fertilizer application do we use during weeding beans?,Food_and_Drink
how can conduct a simple test to check the authenticity of the agrochemical.,Business_and_Industrial
What other crops can be intercropped with beans?,Food_and_Drink
why do beans need to be intercropped with groundnuts and other legumes.,Food_and_Drink
what is the importance of intercropping beans with sweet potatoes.,Food_and_Drink
why do farmers need to consider intercropping beans with cassava.,Food_and_Drink
What is the effect of moisture on stored beans?,Food_and_Drink
"I always see some maize combs having a variety of colors ranging from purple , blue , red , orange , yellow , white etc. what causes such maize to have all those colors in one comb,?",Food_and_Drink
"White flies have become resistant to pesticides, what else can farmers do eradicate them?",Health
what cultural methods are involved when eradicating whiteflies.,Hobbies_and_Leisure
"which control method employs the use of beneficial insects like ladybugs or lacewings, or the release of whitefly-specific parasites or predators.",Pets_and_Animals
which genetical method are researchers are exploring to control whitefly.,Science
Which type of fertilizer is good to apply for beans,Food_and_Drink
what is balanced ratio of phosphorus and potassium suitable for beans.,Food_and_Drink
May we farmers know the uses of water in the soil,Food_and_Drink
what other role does water play in the soil.,Science
how does water regulates temperature of the soil.,Science
name the importance of water to soil steucture.,Science
How can a farmer control termites,Business_and_Industrial
what chemical methods are used to control termites.,Business_and_Industrial
name some natural enemies of termites.,Home_and_Garden
what is Integrated pest management: Integrated pest management (IPM)?,Home_and_Garden
How can farmers control maize streak disease?,Health
which  districts in Uganda grow maize.,Business_and_Industrial
which maize variety is recommended for second season ,Food_and_Drink
what is the purpose of threshing .,Food_and_Drink
how is threshing done.,Food_and_Drink
which kind of threshing is the most common in developing countries.,Food_and_Drink
what is incubation period for steak disease.,Health
what are Soil microarthropods.,Science
how are fungi beneficial to soil.,Health
which insects are known to transmit maize streak virus from one maize plant to another.,Health
which grass species  harbor leafhoppers,Pets_and_Animals
why whiteflies are able to multiply and spread so quickly,Hobbies_and_Leisure
what other factors make whitefly to multiply faster.,Science
name ways in which dry maize can  be consumped.,Food_and_Drink
Can beans be milled like soyabean for human consumption,Food_and_Drink
Name the most common types of beans that are milled for human consumption.,Food_and_Drink
what can be made from  milled bean flour.,Food_and_Drink
how can you minimize the effects of anti-nutrients in beans.,Food_and_Drink
What is the reason as cassava is called staple food,Food_and_Drink
what other reasons makes cassava a staple food crop.,Food_and_Drink
why is cassava versatile?,Food_and_Drink
Why is it that loam soil is dark in colour?,Health
Can cassava stems be planted immediately after cutting or they can wait for sometime?,Food_and_Drink
 why is it is recommended to allow the cuttings to dry for a few hours in a shaded area before planting.,Food_and_Drink
what are the general steps for planting cassava stems.,Food_and_Drink
what are Water-absorbing polymers,Business_and_Industrial
How is maize streak disease transmitted.,Health
list ways how maize streak disease transmission occurs.,Health
Some farmers harvest mature maize when it is not yet fully dried won't this have some side effects,Food_and_Drink
does harvesting maize early before its dried causes mycotoxin contamination?,Food_and_Drink
what are Calcium-based fertilizers?,Business_and_Industrial
can the quality of maize harvest early before its dried be reduced?,Food_and_Drink
what can happen to maize that is harvested before it is fully dried.,Food_and_Drink
why not fully dried maize susceptibility to mold and insect damage.,Food_and_Drink
How long should maize grains to be boiled for it's effective nutrients in human consumption.,Food_and_Drink
how long should you boil maize to retain protein nutrients.,Food_and_Drink
Can over boiling maize make it loss Carbohydrates?,Food_and_Drink
How best can picks bags store maize grains for a long period of time?,Food_and_Drink
what is the recommended time for boiling maize in order to retain vitamin especially vitamin C and D.,Food_and_Drink
name Carbendazim fungicide that is effective against soil-borne diseases.,Health
"which insecticide is used to control various pests, including bean fly and aphids.",Health
Which chemical is best for controlling insects which destroys beans leave.,Science
name examples of organophosphate insecticides that are commonly used for controlling bean pests.,Health
name any one example of neonicotinoids.,Health
Which chemical is best for preserving beans seeds for long periods against weevils,Food_and_Drink
how can farmers use diatomaceous earth.,Food_and_Drink
Which stage do cassava need enough rain and sunshine.,Jobs_and_Education
at what stage does cassava requires about 500 to 750 mm of rainfall.,News
"During the mid to late vegetative stage, cassava requires less rainfall as it begins to store food in its roots. what is it?",Food_and_Drink
what are Pyrethroids pesticides.,Health
how does neem oil works as pesticide.,Health
how can conservation tillage helps improve soil fertility.,Health
give examples of cover crops.,Food_and_Drink
how can sandy soil be improved.,Health
Is sandy soil better than clay soil  when growing beans?,Food_and_Drink
Which crops responds better in acidic soils? ,Business_and_Industrial
what is the soil PH for blueberries.,Food_and_Drink
what is the required soil PH for potatoes.,Food_and_Drink
which plants prefer acidic soils with a pH range between 4.5 and 6.0.,Science
which crop is known to thrive  well in slightly acidic soils with pH levels between 6.0 and 6.5.,Food_and_Drink
What chemical can a farmer use to spray beans affected by hailstorm?,Business_and_Industrial
name examples of fungicide that can be used to spray beans affected by hailstorm?,Business_and_Industrial
Npk and dap winch one is good for planting maize?,Food_and_Drink
why is DAP used in planting maize.,Business_and_Industrial
"which fertilizer is often used as a basal or pre-planting fertilizer, and it can also be used as a top dressing fertilizer during the growing season.",Food_and_Drink
What fertilizer is recommended for planting maize by researchers?,Food_and_Drink
Which fertilizer is good for planting beans?,Food_and_Drink
What fertilizer is recommended for planting maize by researchers?,Food_and_Drink
For how long should farmers keep bean seeds before they get spoiled?,Food_and_Drink
how can farmers use test kit to test soil PH.,Health
How can i know that soil lacks air as a major nutrient,Science
How can i improve soil areation,Health
"
How does farm yard manure keep moisture in soil?",Food_and_Drink
what is other use of farmyard manure.,Food_and_Drink
Farmers always ask what do they do to store beans safely,Food_and_Drink
Which condition is suitable for maize plantation,Food_and_Drink
How can farmers ensure the best farming practices,Food_and_Drink
How can i store beans safely?,Food_and_Drink
why do we store beans in airtight containers.,Food_and_Drink
why do farmers need to add desiccants to the storage containers for beans.,Food_and_Drink
name any one example of desiccants.,Business_and_Industrial
why do we need to rotate stock?,Finance
What are the limitations of using seeds for propagations.,Science
can some diseases be transmitted when using seed for propagation?,Health
Name the crops that can be successfully grown in sandy soil,Food_and_Drink
Name the crops that can be successfully grown in clay soil.,Business_and_Industrial
What characteristics should a good crop store have to prevent pest,Food_and_Drink
Can beans still be planted in October this year in amolatar?,Food_and_Drink
What damage do sucking pest cause to plants like beans in the garden,Home_and_Garden
list common signs of sucking pest.,Health
"Why do beans leave turns yellowish before maturity dispute rain is available
",Food_and_Drink
can waterlogging cause yellowing in beans plants?,Health
which crop disease cause yellowing in beans plants.,Health
which plant nutrient helps in formation of chlorophyll . ,Science
what is chlorosis.,Health
I planted maize the past season and had used cow dung while sowing the drought  affected the maize i intend to plant maize again in the same place do i need to apply cow dung again or i plant with out.,Food_and_Drink
what are some of the tips on how to best use PICS bags for storing maize grains.,Food_and_Drink
what is farmyard manure.,Food_and_Drink
"Besides cow dung and urine, what does farmyard manure contain.",Food_and_Drink
what Crop residues can be used to make farmyard manure.,Food_and_Drink
What are the problems facing farming organization in uganda?,Business_and_Industrial
Which soil is better for maize production?,Business_and_Industrial
Which type of maize is good for storage,Food_and_Drink
 which variety of maize has a hard outer layer and is used for making popcorn.,Food_and_Drink
which variety of maize has a hard outer layer and is typically used for animal feed.,Food_and_Drink
which variety of maize that is widely grown and used for both human and animal consumption.,Food_and_Drink
What type of maize seed is resistant to pests and diseases?,Food_and_Drink
Which type of seed is resistant to pests and diseases,Health
What maize variety is drought resistant?,Food_and_Drink
name one open-pollinated maize variety that was developed in West Africa and is well-suited to drought-prone regions.,Food_and_Drink
